action,world_size,number_of_steps,number_of_steps_between_file_dumps,mpi_size,omp_get_max_threads,total_time,t_io,t_io_accumulator,t_io_accumulator_average
e0,10000,100,100000,32,1,223.434372,0.249913,3.885794,0.125348
e0,10000,100,100000,33,1,223.265910,0.240993,3.809809,0.119057
e0,10000,100,100000,34,1,223.313710,0.337802,7.383948,0.223756
e0,10000,100,100000,35,1,223.040181,0.215959,3.420548,0.100604
e0,10000,100,100000,36,1,222.674236,0.231086,3.801241,0.108607
e0,10000,100,100000,37,1,222.699278,0.233884,3.898593,0.108294
e0,10000,100,100000,38,1,222.656702,0.245915,4.705796,0.127184
