action,world_size,number_of_steps,number_of_steps_between_file_dumps,mpi_size,omp_get_max_threads,total_time,t_io,t_io_accumulator,t_io_accumulator_average
e1,30000,100,100000,1,1,3008.722824,2.508584,0.000000,0.000000
e1,30000,100,100000,2,1,1490.003589,2.839889,1.727647,1.727647
e1,30000,100,100000,3,1,991.556589,2.395468,2.627830,1.313915
e1,30000,100,100000,4,1,744.985452,2.350476,3.772955,1.257652
e1,30000,100,100000,5,1,596.234225,2.301481,4.871678,1.217920
