action,world_size,number_of_steps,number_of_steps_between_file_dumps,mpi_size,omp_get_max_threads,total_time,t_io,t_io_accumulator,t_io_accumulator_average
e1,30000,100,100000,1,1,1722.642627,2.671596,0.000000,0.000000
e1,30000,100,100000,1,1,1721.623544,2.137747,0.000000,0.000000
e1,30000,100,100000,1,1,1721.712271,2.363665,0.000000,0.000000
e1,30000,100,100000,1,1,1721.170625,2.522675,0.000000,0.000000
