action,world_size,number_of_steps,number_of_steps_between_file_dumps,mpi_size,omp_get_max_threads,total_time,t_io,t_io_accumulator,t_io_accumulator_average
e1,10000,100,100000,1,1,186.035349,0.227969,0.000000,0.000000
e1,15000,100,100000,1,1,424.863748,0.324833,0.000000,0.000000
e1,20000,100,100000,1,1,752.799681,0.555724,0.000000,0.000000
e1,25000,100,100000,1,1,1187.660242,1.151169,0.000000,0.000000
e1,30000,100,100000,1,1,1718.825760,1.222251,0.000000,0.000000
e1,10000,100,100000,1,1,186.102694,0.226042,0.000000,0.000000
e1,15000,100,100000,1,1,424.787551,0.349930,0.000000,0.000000
e1,20000,100,100000,1,1,752.600654,0.501465,0.000000,0.000000
e1,25000,100,100000,1,1,1187.237281,0.836613,0.000000,0.000000
