action,world_size,number_of_steps,number_of_steps_between_file_dumps,mpi_size,omp_get_max_threads,total_time,t_io,t_io_accumulator,t_io_accumulator_average
e1,10000,100,100000,1,1,186.117568,0.248935,0.000000,0.000000
e1,15000,100,100000,1,1,424.816725,0.297452,0.000000,0.000000
e1,20000,100,100000,1,1,752.893032,0.542746,0.000000,0.000000
e1,25000,100,100000,1,1,1187.472405,1.013218,0.000000,0.000000
e1,30000,100,100000,1,1,1719.246831,1.172573,0.000000,0.000000
e1,10000,100,100000,1,1,186.348683,0.397544,0.000000,0.000000
e1,15000,100,100000,1,1,425.140834,0.547172,0.000000,0.000000
e1,20000,100,100000,1,1,753.063574,0.770282,0.000000,0.000000
e1,25000,100,100000,1,1,1187.533048,0.967279,0.000000,0.000000
