m,n,k,elapsed1,elapsed2,GFLOPS
30000,30000,30000,131.352579090,131.352579,411.107268
29500,29500,29500,124.738382715,124.738383,411.619494
