m,n,k,elapsed1,elapsed2,GFLOPS
30000,30000,30000,48.283932800,48.283933,1118.384458
29500,29500,29500,49.904238486,49.904238,1028.865514
29000,29000,29000,47.130800964,47.130801,1034.949524
