m,n,k,elapsed1,elapsed2,GFLOPS
30000,30000,30000,25.651584066,25.651584,2105.133151
29500,29500,29500,23.487695720,23.487696,2186.027553
29000,29000,29000,22.434664923,22.434665,2174.224584
28500,28500,28500,21.729713981,21.729714,2130.642402
