m,n,k,elapsed1,elapsed2,GFLOPS
30000,30000,30000,48.400324571,48.400325,1115.694997
29500,29500,29500,49.843511117,49.843511,1030.119044
29000,29000,29000,49.018579217,49.018579,995.092081
28500,28500,28500,45.118787213,45.118787,1026.141279
