m,n,k,elapsed1,elapsed2,GFLOPS
30000,30000,30000,130.232513200,130.232513,414.643000
29500,29500,29500,124.655157622,124.655158,411.894309
