m,n,k,elapsed1,elapsed2,GFLOPS
30000,30000,30000,23.690696432,23.690696,2279.375794
29500,29500,29500,22.593154094,22.593154,2272.579994
29000,29000,29000,23.446770951,23.446771,2080.371754
28500,28500,28500,22.726752130,22.726752,2037.169664
28000,28000,28000,21.852870034,21.852870,2009.072489
