action,world_size,number_of_steps,number_of_steps_between_file_dumps,mpi_size,omp_get_max_threads,total_time,t_io,t_io_accumulator,t_io_accumulator_average
e1,15000,100,100000,2,64,210.499491,0.927968,0.644838,0.644838
e1,15000,100,100000,2,63,209.914330,0.839499,0.597115,0.597115
e1,15000,100,100000,2,62,210.791836,1.584965,1.318525,1.318525
e1,15000,100,100000,2,61,210.152814,1.024918,0.751936,0.751936
e1,15000,100,100000,2,60,210.077201,0.953140,0.696764,0.696764
