action,world_size,number_of_steps,number_of_steps_between_file_dumps,mpi_size,omp_get_max_threads,total_time,t_io,t_io_accumulator,t_io_accumulator_average
e1,10000,100,100000,1,128,186.552094,0.406950,0.000000,0.000000
e1,10000,100,100000,1,127,186.520186,0.420906,0.000000,0.000000
e1,10000,100,100000,1,126,186.564598,0.419973,0.000000,0.000000
e1,10000,100,100000,1,125,186.585740,0.407110,0.000000,0.000000
